system:index,FCODE,KDBBPS,KDCBPS,KDCPUM,KDEBPS,KDEPUM,KDPBPS,KDPKAB,KDPPUM,LUASWH,METADATA,NAMOBJ,REMARK,SHAPE_Area,SHAPE_Leng,SRS_ID,TIPADM,WADMKC,WADMKD,WADMKK,WADMPR,WIADKC,WIADKD,WIADKK,WIADPR,ch4_mean_ppb,mean,source,unit,year,.geo
0_0000000000000000000c,BA03050040,,,,,,,13.01,13,6045.64886952,TASWIL5000020230907KABKOTA,Pesisir Selatan,,0.491385130568,5.43295017863,4326,4,,,Pesisir Selatan,Sumatera Barat,,0,,,1825.3008289085606,1825.3008289085606,Sentinel-5P TROPOMI CH4,ppb,2019.0,"{""type"":""MultiPoint"",""coordinates"":[]}"
0_0000000000000000000e,BA03050040,,,,,,,13.02,13,3590.40364624,TASWIL5000020230907KABKOTA,Solok,,0.29173089143,4.12696826975,4326,4,,,Solok,Sumatera Barat,,0,,,1823.753193969054,1823.753193969054,Sentinel-5P TROPOMI CH4,ppb,2019.0,"{""type"":""MultiPoint"",""coordinates"":[]}"
0_0000000000000000000d,BA03050040,,,,,,,13.03,13,3150.57981499,TASWIL5000020230907KABKOTA,Sijunjung,,0.255974947505,3.04634829448,4326,4,,,Sijunjung,Sumatera Barat,,0,,,1830.2388190893269,1830.2388190893269,Sentinel-5P TROPOMI CH4,ppb,2019.0,"{""type"":""MultiPoint"",""coordinates"":[]}"
0_00000000000000000014,BA03050040,,,,,,,13.04,13,1377.18561858,TASWIL5000020230907KABKOTA,Tanah Datar,,0.111887521384,2.36296910209,4326,4,,,Tanah Datar,Sumatera Barat,,0,,,1823.7531744378725,1823.7531744378725,Sentinel-5P TROPOMI CH4,ppb,2019.0,"{""type"":""MultiPoint"",""coordinates"":[]}"
0_00000000000000000015,BA03050040,,,,,,,13.05,13,1342.26642306,TASWIL5000020230907KABKOTA,Padang Pariaman,,0.109052305331,2.05428945067,4326,4,,,Padang Pariaman,Sumatera Barat,,0,,,1812.1425111737751,1812.1425111737751,Sentinel-5P TROPOMI CH4,ppb,2019.0,"{""type"":""MultiPoint"",""coordinates"":[]}"
0_00000000000000000000,BA03050040,,,,,,,13.06,13,2226.27036018,TASWIL5000020230907KABKOTA,Agam,,0.180866105999,2.81240922023,4326,4,,,Agam,Sumatera Barat,,0,,,1820.0333928497284,1820.0333928497284,Sentinel-5P TROPOMI CH4,ppb,2019.0,"{""type"":""MultiPoint"",""coordinates"":[]}"
0_0000000000000000000b,BA03050040,,,,,,,13.08,13,3902.44394674,TASWIL5000020230907KABKOTA,Pasaman,,0.317048331335,3.91441217786,4326,4,,,Pasaman,Sumatera Barat,,0,,,1829.1206004131705,1829.1206004131705,Sentinel-5P TROPOMI CH4,ppb,2019.0,"{""type"":""MultiPoint"",""coordinates"":[]}"
0_00000000000000000001,BA03050040,,,,,,,13.10,13,2920.92501209,TASWIL5000020230907KABKOTA,Dharmasraya,,0.237344806927,4.35566187689,4326,4,,,Dharmasraya,Sumatera Barat,,0,Sawah Lunto,,1820.5350561901985,1820.5350561901985,Sentinel-5P TROPOMI CH4,ppb,2019.0,"{""type"":""MultiPoint"",""coordinates"":[]}"
0_0000000000000000000f,BA03050040,,,,,,,13.11,13,3282.14396834,TASWIL5000020230907KABKOTA,Solok Selatan,,0.266725287801,3.37288282167,4326,4,,,Solok Selatan,Sumatera Barat,,0,Solok,,1821.4922745744323,1821.4922745744323,Sentinel-5P TROPOMI CH4,ppb,2019.0,"{""type"":""MultiPoint"",""coordinates"":[]}"
0_00000000000000000016,BA03050040,,,,,,,13.12,13,3852.9928368,TASWIL5000020230907KABKOTA,Pasaman Barat,,0.313023799096,3.78929522955,4326,4,,,Pasaman Barat,Sumatera Barat,,0,Pasaman,,1829.6334241298937,1829.6334241298937,Sentinel-5P TROPOMI CH4,ppb,2019.0,"{""type"":""MultiPoint"",""coordinates"":[]}"
1_0000000000000000000c,BA03050040,,,,,,,13.01,13,6045.64886952,TASWIL5000020230907KABKOTA,Pesisir Selatan,,0.491385130568,5.43295017863,4326,4,,,Pesisir Selatan,Sumatera Barat,,0,,,1832.645654009928,1832.645654009928,Sentinel-5P TROPOMI CH4,ppb,2020.0,"{""type"":""MultiPoint"",""coordinates"":[]}"
1_0000000000000000000e,BA03050040,,,,,,,13.02,13,3590.40364624,TASWIL5000020230907KABKOTA,Solok,,0.29173089143,4.12696826975,4326,4,,,Solok,Sumatera Barat,,0,,,1850.8233437018578,1850.8233437018578,Sentinel-5P TROPOMI CH4,ppb,2020.0,"{""type"":""MultiPoint"",""coordinates"":[]}"
1_0000000000000000000d,BA03050040,,,,,,,13.03,13,3150.57981499,TASWIL5000020230907KABKOTA,Sijunjung,,0.255974947505,3.04634829448,4326,4,,,Sijunjung,Sumatera Barat,,0,,,1839.700360467265,1839.700360467265,Sentinel-5P TROPOMI CH4,ppb,2020.0,"{""type"":""MultiPoint"",""coordinates"":[]}"
1_00000000000000000014,BA03050040,,,,,,,13.04,13,1377.18561858,TASWIL5000020230907KABKOTA,Tanah Datar,,0.111887521384,2.36296910209,4326,4,,,Tanah Datar,Sumatera Barat,,0,,,1851.709078867368,1851.709078867368,Sentinel-5P TROPOMI CH4,ppb,2020.0,"{""type"":""MultiPoint"",""coordinates"":[]}"
1_00000000000000000015,BA03050040,,,,,,,13.05,13,1342.26642306,TASWIL5000020230907KABKOTA,Padang Pariaman,,0.109052305331,2.05428945067,4326,4,,,Padang Pariaman,Sumatera Barat,,0,,,1811.6063829996294,1811.6063829996294,Sentinel-5P TROPOMI CH4,ppb,2020.0,"{""type"":""MultiPoint"",""coordinates"":[]}"
1_00000000000000000000,BA03050040,,,,,,,13.06,13,2226.27036018,TASWIL5000020230907KABKOTA,Agam,,0.180866105999,2.81240922023,4326,4,,,Agam,Sumatera Barat,,0,,,1834.9898395319567,1834.9898395319567,Sentinel-5P TROPOMI CH4,ppb,2020.0,"{""type"":""MultiPoint"",""coordinates"":[]}"
1_0000000000000000000a,BA03050040,,,,,,,13.07,13,3273.40482503,TASWIL5000020230907KABKOTA,Lima Puluh Kota,,0.265935661179,3.90223840362,4326,4,,,Lima Puluh Kota,Sumatera Barat,,0,,,1844.5789211818487,1844.5789211818487,Sentinel-5P TROPOMI CH4,ppb,2020.0,"{""type"":""MultiPoint"",""coordinates"":[]}"
1_0000000000000000000b,BA03050040,,,,,,,13.08,13,3902.44394674,TASWIL5000020230907KABKOTA,Pasaman,,0.317048331335,3.91441217786,4326,4,,,Pasaman,Sumatera Barat,,0,,,1829.8654739689148,1829.8654739689148,Sentinel-5P TROPOMI CH4,ppb,2020.0,"{""type"":""MultiPoint"",""coordinates"":[]}"
1_00000000000000000002,BA03050040,,,,,,,13.09,13,5983.22249475,TASWIL5000020230907KABKOTA,Kepulauan Mentawai,,0.486363474612,14.6985044838,4326,4,,,Kepulauan Mentawai,Sumatera Barat,,0,Padang Pariaman,,1821.5320208016017,1821.5320208016017,Sentinel-5P TROPOMI CH4,ppb,2020.0,"{""type"":""MultiPoint"",""coordinates"":[]}"
1_00000000000000000001,BA03050040,,,,,,,13.10,13,2920.92501209,TASWIL5000020230907KABKOTA,Dharmasraya,,0.237344806927,4.35566187689,4326,4,,,Dharmasraya,Sumatera Barat,,0,Sawah Lunto,,1834.8329692175178,1834.8329692175178,Sentinel-5P TROPOMI CH4,ppb,2020.0,"{""type"":""MultiPoint"",""coordinates"":[]}"
1_0000000000000000000f,BA03050040,,,,,,,13.11,13,3282.14396834,TASWIL5000020230907KABKOTA,Solok Selatan,,0.266725287801,3.37288282167,4326,4,,,Solok Selatan,Sumatera Barat,,0,Solok,,1807.3592485973775,1807.3592485973775,Sentinel-5P TROPOMI CH4,ppb,2020.0,"{""type"":""MultiPoint"",""coordinates"":[]}"
1_00000000000000000016,BA03050040,,,,,,,13.12,13,3852.9928368,TASWIL5000020230907KABKOTA,Pasaman Barat,,0.313023799096,3.78929522955,4326,4,,,Pasaman Barat,Sumatera Barat,,0,Pasaman,,1841.6874225364572,1841.6874225364572,Sentinel-5P TROPOMI CH4,ppb,2020.0,"{""type"":""MultiPoint"",""coordinates"":[]}"
1_00000000000000000008,BA03050040,,,,,,,13.73,13,231.945427384,TASWIL5000020230907KABKOTA,Kota Sawahlunto,,0.018844652169,0.741966895325,4326,5,,,Kota Sawahlunto,Sumatera Barat,,0,,,1851.063439492434,1851.063439492434,Sentinel-5P TROPOMI CH4,ppb,2020.0,"{""type"":""MultiPoint"",""coordinates"":[]}"
1_00000000000000000006,BA03050040,,,,,,,13.77,13,64.7672358833,TASWIL5000020230907KABKOTA,Kota Pariaman,,0.00526203753505,0.482581471188,4326,5,,,Kota Pariaman,Sumatera Barat,,0,Pariaman,,1804.303714999637,1804.303714999637,Sentinel-5P TROPOMI CH4,ppb,2020.0,"{""type"":""MultiPoint"",""coordinates"":[]}"
2_0000000000000000000c,BA03050040,,,,,,,13.01,13,6045.64886952,TASWIL5000020230907KABKOTA,Pesisir Selatan,,0.491385130568,5.43295017863,4326,4,,,Pesisir Selatan,Sumatera Barat,,0,,,1836.2878766376045,1836.2878766376045,Sentinel-5P TROPOMI CH4,ppb,2021.0,"{""type"":""MultiPoint"",""coordinates"":[]}"
2_0000000000000000000d,BA03050040,,,,,,,13.03,13,3150.57981499,TASWIL5000020230907KABKOTA,Sijunjung,,0.255974947505,3.04634829448,4326,4,,,Sijunjung,Sumatera Barat,,0,,,1841.4603317204887,1841.4603317204887,Sentinel-5P TROPOMI CH4,ppb,2021.0,"{""type"":""MultiPoint"",""coordinates"":[]}"
2_00000000000000000015,BA03050040,,,,,,,13.05,13,1342.26642306,TASWIL5000020230907KABKOTA,Padang Pariaman,,0.109052305331,2.05428945067,4326,4,,,Padang Pariaman,Sumatera Barat,,0,,,1826.0706077268292,1826.0706077268292,Sentinel-5P TROPOMI CH4,ppb,2021.0,"{""type"":""MultiPoint"",""coordinates"":[]}"
2_00000000000000000000,BA03050040,,,,,,,13.06,13,2226.27036018,TASWIL5000020230907KABKOTA,Agam,,0.180866105999,2.81240922023,4326,4,,,Agam,Sumatera Barat,,0,,,1819.6703976914462,1819.6703976914462,Sentinel-5P TROPOMI CH4,ppb,2021.0,"{""type"":""MultiPoint"",""coordinates"":[]}"
2_0000000000000000000b,BA03050040,,,,,,,13.08,13,3902.44394674,TASWIL5000020230907KABKOTA,Pasaman,,0.317048331335,3.91441217786,4326,4,,,Pasaman,Sumatera Barat,,0,,,1798.829242309165,1798.829242309165,Sentinel-5P TROPOMI CH4,ppb,2021.0,"{""type"":""MultiPoint"",""coordinates"":[]}"
2_00000000000000000002,BA03050040,,,,,,,13.09,13,5983.22249475,TASWIL5000020230907KABKOTA,Kepulauan Mentawai,,0.486363474612,14.6985044838,4326,4,,,Kepulauan Mentawai,Sumatera Barat,,0,Padang Pariaman,,1838.092994454245,1838.092994454245,Sentinel-5P TROPOMI CH4,ppb,2021.0,"{""type"":""MultiPoint"",""coordinates"":[]}"
2_00000000000000000001,BA03050040,,,,,,,13.10,13,2920.92501209,TASWIL5000020230907KABKOTA,Dharmasraya,,0.237344806927,4.35566187689,4326,4,,,Dharmasraya,Sumatera Barat,,0,Sawah Lunto,,1844.037385561252,1844.037385561252,Sentinel-5P TROPOMI CH4,ppb,2021.0,"{""type"":""MultiPoint"",""coordinates"":[]}"
2_0000000000000000000f,BA03050040,,,,,,,13.11,13,3282.14396834,TASWIL5000020230907KABKOTA,Solok Selatan,,0.266725287801,3.37288282167,4326,4,,,Solok Selatan,Sumatera Barat,,0,Solok,,1862.4387927855423,1862.4387927855423,Sentinel-5P TROPOMI CH4,ppb,2021.0,"{""type"":""MultiPoint"",""coordinates"":[]}"
2_00000000000000000016,BA03050040,,,,,,,13.12,13,3852.9928368,TASWIL5000020230907KABKOTA,Pasaman Barat,,0.313023799096,3.78929522955,4326,4,,,Pasaman Barat,Sumatera Barat,,0,Pasaman,,1830.9123790075232,1830.9123790075232,Sentinel-5P TROPOMI CH4,ppb,2021.0,"{""type"":""MultiPoint"",""coordinates"":[]}"
2_00000000000000000008,BA03050040,,,,,,,13.73,13,231.945427384,TASWIL5000020230907KABKOTA,Kota Sawahlunto,,0.018844652169,0.741966895325,4326,5,,,Kota Sawahlunto,Sumatera Barat,,0,,,1827.1362354957103,1827.1362354957103,Sentinel-5P TROPOMI CH4,ppb,2021.0,"{""type"":""MultiPoint"",""coordinates"":[]}"
2_00000000000000000006,BA03050040,,,,,,,13.77,13,64.7672358833,TASWIL5000020230907KABKOTA,Kota Pariaman,,0.00526203753505,0.482581471188,4326,5,,,Kota Pariaman,Sumatera Barat,,0,Pariaman,,1836.1617070448797,1836.1617070448797,Sentinel-5P TROPOMI CH4,ppb,2021.0,"{""type"":""MultiPoint"",""coordinates"":[]}"
3_0000000000000000000c,BA03050040,,,,,,,13.01,13,6045.64886952,TASWIL5000020230907KABKOTA,Pesisir Selatan,,0.491385130568,5.43295017863,4326,4,,,Pesisir Selatan,Sumatera Barat,,0,,,1855.705649227852,1855.705649227852,Sentinel-5P TROPOMI CH4,ppb,2022.0,"{""type"":""MultiPoint"",""coordinates"":[]}"
3_0000000000000000000e,BA03050040,,,,,,,13.02,13,3590.40364624,TASWIL5000020230907KABKOTA,Solok,,0.29173089143,4.12696826975,4326,4,,,Solok,Sumatera Barat,,0,,,1864.094323763715,1864.094323763715,Sentinel-5P TROPOMI CH4,ppb,2022.0,"{""type"":""MultiPoint"",""coordinates"":[]}"
3_0000000000000000000d,BA03050040,,,,,,,13.03,13,3150.57981499,TASWIL5000020230907KABKOTA,Sijunjung,,0.255974947505,3.04634829448,4326,4,,,Sijunjung,Sumatera Barat,,0,,,1865.6088023264945,1865.6088023264945,Sentinel-5P TROPOMI CH4,ppb,2022.0,"{""type"":""MultiPoint"",""coordinates"":[]}"
3_00000000000000000014,BA03050040,,,,,,,13.04,13,1377.18561858,TASWIL5000020230907KABKOTA,Tanah Datar,,0.111887521384,2.36296910209,4326,4,,,Tanah Datar,Sumatera Barat,,0,,,1876.480056370527,1876.480056370527,Sentinel-5P TROPOMI CH4,ppb,2022.0,"{""type"":""MultiPoint"",""coordinates"":[]}"
3_00000000000000000015,BA03050040,,,,,,,13.05,13,1342.26642306,TASWIL5000020230907KABKOTA,Padang Pariaman,,0.109052305331,2.05428945067,4326,4,,,Padang Pariaman,Sumatera Barat,,0,,,1882.5285355823632,1882.5285355823632,Sentinel-5P TROPOMI CH4,ppb,2022.0,"{""type"":""MultiPoint"",""coordinates"":[]}"
3_00000000000000000000,BA03050040,,,,,,,13.06,13,2226.27036018,TASWIL5000020230907KABKOTA,Agam,,0.180866105999,2.81240922023,4326,4,,,Agam,Sumatera Barat,,0,,,1876.3336103759575,1876.3336103759575,Sentinel-5P TROPOMI CH4,ppb,2022.0,"{""type"":""MultiPoint"",""coordinates"":[]}"
3_0000000000000000000a,BA03050040,,,,,,,13.07,13,3273.40482503,TASWIL5000020230907KABKOTA,Lima Puluh Kota,,0.265935661179,3.90223840362,4326,4,,,Lima Puluh Kota,Sumatera Barat,,0,,,1868.67921172656,1868.67921172656,Sentinel-5P TROPOMI CH4,ppb,2022.0,"{""type"":""MultiPoint"",""coordinates"":[]}"
3_0000000000000000000b,BA03050040,,,,,,,13.08,13,3902.44394674,TASWIL5000020230907KABKOTA,Pasaman,,0.317048331335,3.91441217786,4326,4,,,Pasaman,Sumatera Barat,,0,,,1875.6414081769447,1875.6414081769447,Sentinel-5P TROPOMI CH4,ppb,2022.0,"{""type"":""MultiPoint"",""coordinates"":[]}"
3_00000000000000000002,BA03050040,,,,,,,13.09,13,5983.22249475,TASWIL5000020230907KABKOTA,Kepulauan Mentawai,,0.486363474612,14.6985044838,4326,4,,,Kepulauan Mentawai,Sumatera Barat,,0,Padang Pariaman,,1877.7571840102703,1877.7571840102703,Sentinel-5P TROPOMI CH4,ppb,2022.0,"{""type"":""MultiPoint"",""coordinates"":[]}"
3_00000000000000000001,BA03050040,,,,,,,13.10,13,2920.92501209,TASWIL5000020230907KABKOTA,Dharmasraya,,0.237344806927,4.35566187689,4326,4,,,Dharmasraya,Sumatera Barat,,0,Sawah Lunto,,1863.874905776616,1863.874905776616,Sentinel-5P TROPOMI CH4,ppb,2022.0,"{""type"":""MultiPoint"",""coordinates"":[]}"
3_0000000000000000000f,BA03050040,,,,,,,13.11,13,3282.14396834,TASWIL5000020230907KABKOTA,Solok Selatan,,0.266725287801,3.37288282167,4326,4,,,Solok Selatan,Sumatera Barat,,0,Solok,,1861.0637381973208,1861.0637381973208,Sentinel-5P TROPOMI CH4,ppb,2022.0,"{""type"":""MultiPoint"",""coordinates"":[]}"
3_00000000000000000016,BA03050040,,,,,,,13.12,13,3852.9928368,TASWIL5000020230907KABKOTA,Pasaman Barat,,0.313023799096,3.78929522955,4326,4,,,Pasaman Barat,Sumatera Barat,,0,Pasaman,,1878.5068169297429,1878.5068169297429,Sentinel-5P TROPOMI CH4,ppb,2022.0,"{""type"":""MultiPoint"",""coordinates"":[]}"
3_00000000000000000004,BA03050040,,,,,,,13.71,13,694.336514563,TASWIL5000020230907KABKOTA,Kota Padang,,0.0564153423427,1.86852329569,4326,5,,,Kota Padang,Sumatera Barat,,0,,,1850.0874874057934,1850.0874874057934,Sentinel-5P TROPOMI CH4,ppb,2022.0,"{""type"":""MultiPoint"",""coordinates"":[]}"
3_00000000000000000009,BA03050040,,,,,,,13.72,13,58.719942557,TASWIL5000020230907KABKOTA,Kota Solok,,0.00477089422505,0.462536036768,4326,5,,,Kota Solok,Sumatera Barat,,0,,,1880.4663011161465,1880.4663011161465,Sentinel-5P TROPOMI CH4,ppb,2022.0,"{""type"":""MultiPoint"",""coordinates"":[]}"
3_00000000000000000008,BA03050040,,,,,,,13.73,13,231.945427384,TASWIL5000020230907KABKOTA,Kota Sawahlunto,,0.018844652169,0.741966895325,4326,5,,,Kota Sawahlunto,Sumatera Barat,,0,,,1878.8999988372022,1878.8999988372022,Sentinel-5P TROPOMI CH4,ppb,2022.0,"{""type"":""MultiPoint"",""coordinates"":[]}"
3_00000000000000000003,BA03050040,,,,,,,13.75,13,24.1727381839,TASWIL5000020230907KABKOTA,Kota Bukittinggi,,0.00196384099263,0.267904052675,4326,5,,,Kota Bukittinggi,Sumatera Barat,,0,,,1892.1211876699108,1892.1211876699108,Sentinel-5P TROPOMI CH4,ppb,2022.0,"{""type"":""MultiPoint"",""coordinates"":[]}"
3_00000000000000000007,BA03050040,,,,,,,13.76,13,74.55151181,TASWIL5000020230907KABKOTA,Kota Payakumbuh,,0.00605667804844,0.442988349361,4326,5,,,Kota Payakumbuh,Sumatera Barat,,0,,,1876.324342014031,1876.324342014031,Sentinel-5P TROPOMI CH4,ppb,2022.0,"{""type"":""MultiPoint"",""coordinates"":[]}"
3_00000000000000000006,BA03050040,,,,,,,13.77,13,64.7672358833,TASWIL5000020230907KABKOTA,Kota Pariaman,,0.00526203753505,0.482581471188,4326,5,,,Kota Pariaman,Sumatera Barat,,0,Pariaman,,1894.2916210010567,1894.2916210010567,Sentinel-5P TROPOMI CH4,ppb,2022.0,"{""type"":""MultiPoint"",""coordinates"":[]}"
4_0000000000000000000c,BA03050040,,,,,,,13.01,13,6045.64886952,TASWIL5000020230907KABKOTA,Pesisir Selatan,,0.491385130568,5.43295017863,4326,4,,,Pesisir Selatan,Sumatera Barat,,0,,,1874.7092104424496,1874.7092104424496,Sentinel-5P TROPOMI CH4,ppb,2023.0,"{""type"":""MultiPoint"",""coordinates"":[]}"
4_0000000000000000000e,BA03050040,,,,,,,13.02,13,3590.40364624,TASWIL5000020230907KABKOTA,Solok,,0.29173089143,4.12696826975,4326,4,,,Solok,Sumatera Barat,,0,,,1868.271159875807,1868.271159875807,Sentinel-5P TROPOMI CH4,ppb,2023.0,"{""type"":""MultiPoint"",""coordinates"":[]}"
4_0000000000000000000d,BA03050040,,,,,,,13.03,13,3150.57981499,TASWIL5000020230907KABKOTA,Sijunjung,,0.255974947505,3.04634829448,4326,4,,,Sijunjung,Sumatera Barat,,0,,,1865.6509601145456,1865.6509601145456,Sentinel-5P TROPOMI CH4,ppb,2023.0,"{""type"":""MultiPoint"",""coordinates"":[]}"
4_00000000000000000014,BA03050040,,,,,,,13.04,13,1377.18561858,TASWIL5000020230907KABKOTA,Tanah Datar,,0.111887521384,2.36296910209,4326,4,,,Tanah Datar,Sumatera Barat,,0,,,1883.8614314914141,1883.8614314914141,Sentinel-5P TROPOMI CH4,ppb,2023.0,"{""type"":""MultiPoint"",""coordinates"":[]}"
4_00000000000000000015,BA03050040,,,,,,,13.05,13,1342.26642306,TASWIL5000020230907KABKOTA,Padang Pariaman,,0.109052305331,2.05428945067,4326,4,,,Padang Pariaman,Sumatera Barat,,0,,,1867.399554957165,1867.399554957165,Sentinel-5P TROPOMI CH4,ppb,2023.0,"{""type"":""MultiPoint"",""coordinates"":[]}"
4_00000000000000000000,BA03050040,,,,,,,13.06,13,2226.27036018,TASWIL5000020230907KABKOTA,Agam,,0.180866105999,2.81240922023,4326,4,,,Agam,Sumatera Barat,,0,,,1863.6282769831728,1863.6282769831728,Sentinel-5P TROPOMI CH4,ppb,2023.0,"{""type"":""MultiPoint"",""coordinates"":[]}"
4_0000000000000000000a,BA03050040,,,,,,,13.07,13,3273.40482503,TASWIL5000020230907KABKOTA,Lima Puluh Kota,,0.265935661179,3.90223840362,4326,4,,,Lima Puluh Kota,Sumatera Barat,,0,,,1872.5408227536927,1872.5408227536927,Sentinel-5P TROPOMI CH4,ppb,2023.0,"{""type"":""MultiPoint"",""coordinates"":[]}"
4_0000000000000000000b,BA03050040,,,,,,,13.08,13,3902.44394674,TASWIL5000020230907KABKOTA,Pasaman,,0.317048331335,3.91441217786,4326,4,,,Pasaman,Sumatera Barat,,0,,,1871.7330592384103,1871.7330592384103,Sentinel-5P TROPOMI CH4,ppb,2023.0,"{""type"":""MultiPoint"",""coordinates"":[]}"
4_00000000000000000002,BA03050040,,,,,,,13.09,13,5983.22249475,TASWIL5000020230907KABKOTA,Kepulauan Mentawai,,0.486363474612,14.6985044838,4326,4,,,Kepulauan Mentawai,Sumatera Barat,,0,Padang Pariaman,,1839.580522902757,1839.580522902757,Sentinel-5P TROPOMI CH4,ppb,2023.0,"{""type"":""MultiPoint"",""coordinates"":[]}"
4_00000000000000000001,BA03050040,,,,,,,13.10,13,2920.92501209,TASWIL5000020230907KABKOTA,Dharmasraya,,0.237344806927,4.35566187689,4326,4,,,Dharmasraya,Sumatera Barat,,0,Sawah Lunto,,1866.5115561275095,1866.5115561275095,Sentinel-5P TROPOMI CH4,ppb,2023.0,"{""type"":""MultiPoint"",""coordinates"":[]}"
4_0000000000000000000f,BA03050040,,,,,,,13.11,13,3282.14396834,TASWIL5000020230907KABKOTA,Solok Selatan,,0.266725287801,3.37288282167,4326,4,,,Solok Selatan,Sumatera Barat,,0,Solok,,1861.6719455448551,1861.6719455448551,Sentinel-5P TROPOMI CH4,ppb,2023.0,"{""type"":""MultiPoint"",""coordinates"":[]}"
4_00000000000000000016,BA03050040,,,,,,,13.12,13,3852.9928368,TASWIL5000020230907KABKOTA,Pasaman Barat,,0.313023799096,3.78929522955,4326,4,,,Pasaman Barat,Sumatera Barat,,0,Pasaman,,1878.76809149394,1878.76809149394,Sentinel-5P TROPOMI CH4,ppb,2023.0,"{""type"":""MultiPoint"",""coordinates"":[]}"
4_00000000000000000004,BA03050040,,,,,,,13.71,13,694.336514563,TASWIL5000020230907KABKOTA,Kota Padang,,0.0564153423427,1.86852329569,4326,5,,,Kota Padang,Sumatera Barat,,0,,,1875.081477571876,1875.081477571876,Sentinel-5P TROPOMI CH4,ppb,2023.0,"{""type"":""MultiPoint"",""coordinates"":[]}"
4_00000000000000000008,BA03050040,,,,,,,13.73,13,231.945427384,TASWIL5000020230907KABKOTA,Kota Sawahlunto,,0.018844652169,0.741966895325,4326,5,,,Kota Sawahlunto,Sumatera Barat,,0,,,1869.7234589746106,1869.7234589746106,Sentinel-5P TROPOMI CH4,ppb,2023.0,"{""type"":""MultiPoint"",""coordinates"":[]}"
4_00000000000000000003,BA03050040,,,,,,,13.75,13,24.1727381839,TASWIL5000020230907KABKOTA,Kota Bukittinggi,,0.00196384099263,0.267904052675,4326,5,,,Kota Bukittinggi,Sumatera Barat,,0,,,1871.7552515923082,1871.7552515923082,Sentinel-5P TROPOMI CH4,ppb,2023.0,"{""type"":""MultiPoint"",""coordinates"":[]}"
4_00000000000000000006,BA03050040,,,,,,,13.77,13,64.7672358833,TASWIL5000020230907KABKOTA,Kota Pariaman,,0.00526203753505,0.482581471188,4326,5,,,Kota Pariaman,Sumatera Barat,,0,Pariaman,,1875.8619329937596,1875.8619329937596,Sentinel-5P TROPOMI CH4,ppb,2023.0,"{""type"":""MultiPoint"",""coordinates"":[]}"
5_0000000000000000000c,BA03050040,,,,,,,13.01,13,6045.64886952,TASWIL5000020230907KABKOTA,Pesisir Selatan,,0.491385130568,5.43295017863,4326,4,,,Pesisir Selatan,Sumatera Barat,,0,,,1879.5824017246991,1879.5824017246991,Sentinel-5P TROPOMI CH4,ppb,2024.0,"{""type"":""MultiPoint"",""coordinates"":[]}"
5_0000000000000000000e,BA03050040,,,,,,,13.02,13,3590.40364624,TASWIL5000020230907KABKOTA,Solok,,0.29173089143,4.12696826975,4326,4,,,Solok,Sumatera Barat,,0,,,1864.1169513958696,1864.1169513958696,Sentinel-5P TROPOMI CH4,ppb,2024.0,"{""type"":""MultiPoint"",""coordinates"":[]}"
5_0000000000000000000d,BA03050040,,,,,,,13.03,13,3150.57981499,TASWIL5000020230907KABKOTA,Sijunjung,,0.255974947505,3.04634829448,4326,4,,,Sijunjung,Sumatera Barat,,0,,,1860.9650401261763,1860.9650401261763,Sentinel-5P TROPOMI CH4,ppb,2024.0,"{""type"":""MultiPoint"",""coordinates"":[]}"
5_00000000000000000014,BA03050040,,,,,,,13.04,13,1377.18561858,TASWIL5000020230907KABKOTA,Tanah Datar,,0.111887521384,2.36296910209,4326,4,,,Tanah Datar,Sumatera Barat,,0,,,1864.1169470983054,1864.1169470983054,Sentinel-5P TROPOMI CH4,ppb,2024.0,"{""type"":""MultiPoint"",""coordinates"":[]}"
5_00000000000000000015,BA03050040,,,,,,,13.05,13,1342.26642306,TASWIL5000020230907KABKOTA,Padang Pariaman,,0.109052305331,2.05428945067,4326,4,,,Padang Pariaman,Sumatera Barat,,0,,,1870.0719983233441,1870.0719983233441,Sentinel-5P TROPOMI CH4,ppb,2024.0,"{""type"":""MultiPoint"",""coordinates"":[]}"
5_00000000000000000000,BA03050040,,,,,,,13.06,13,2226.27036018,TASWIL5000020230907KABKOTA,Agam,,0.180866105999,2.81240922023,4326,4,,,Agam,Sumatera Barat,,0,,,1876.6486752442402,1876.6486752442402,Sentinel-5P TROPOMI CH4,ppb,2024.0,"{""type"":""MultiPoint"",""coordinates"":[]}"
5_0000000000000000000a,BA03050040,,,,,,,13.07,13,3273.40482503,TASWIL5000020230907KABKOTA,Lima Puluh Kota,,0.265935661179,3.90223840362,4326,4,,,Lima Puluh Kota,Sumatera Barat,,0,,,1864.17526989228,1864.17526989228,Sentinel-5P TROPOMI CH4,ppb,2024.0,"{""type"":""MultiPoint"",""coordinates"":[]}"
5_0000000000000000000b,BA03050040,,,,,,,13.08,13,3902.44394674,TASWIL5000020230907KABKOTA,Pasaman,,0.317048331335,3.91441217786,4326,4,,,Pasaman,Sumatera Barat,,0,,,1851.5471616390214,1851.5471616390214,Sentinel-5P TROPOMI CH4,ppb,2024.0,"{""type"":""MultiPoint"",""coordinates"":[]}"
5_00000000000000000002,BA03050040,,,,,,,13.09,13,5983.22249475,TASWIL5000020230907KABKOTA,Kepulauan Mentawai,,0.486363474612,14.6985044838,4326,4,,,Kepulauan Mentawai,Sumatera Barat,,0,Padang Pariaman,,1848.7876395275134,1848.7876395275134,Sentinel-5P TROPOMI CH4,ppb,2024.0,"{""type"":""MultiPoint"",""coordinates"":[]}"
5_00000000000000000001,BA03050040,,,,,,,13.10,13,2920.92501209,TASWIL5000020230907KABKOTA,Dharmasraya,,0.237344806927,4.35566187689,4326,4,,,Dharmasraya,Sumatera Barat,,0,Sawah Lunto,,1860.5879436684424,1860.5879436684424,Sentinel-5P TROPOMI CH4,ppb,2024.0,"{""type"":""MultiPoint"",""coordinates"":[]}"
5_0000000000000000000f,BA03050040,,,,,,,13.11,13,3282.14396834,TASWIL5000020230907KABKOTA,Solok Selatan,,0.266725287801,3.37288282167,4326,4,,,Solok Selatan,Sumatera Barat,,0,Solok,,1852.935698942435,1852.935698942435,Sentinel-5P TROPOMI CH4,ppb,2024.0,"{""type"":""MultiPoint"",""coordinates"":[]}"
5_00000000000000000016,BA03050040,,,,,,,13.12,13,3852.9928368,TASWIL5000020230907KABKOTA,Pasaman Barat,,0.313023799096,3.78929522955,4326,4,,,Pasaman Barat,Sumatera Barat,,0,Pasaman,,1885.7386068398287,1885.7386068398287,Sentinel-5P TROPOMI CH4,ppb,2024.0,"{""type"":""MultiPoint"",""coordinates"":[]}"
5_00000000000000000004,BA03050040,,,,,,,13.71,13,694.336514563,TASWIL5000020230907KABKOTA,Kota Padang,,0.0564153423427,1.86852329569,4326,5,,,Kota Padang,Sumatera Barat,,0,,,1807.428461067684,1807.428461067684,Sentinel-5P TROPOMI CH4,ppb,2024.0,"{""type"":""MultiPoint"",""coordinates"":[]}"
5_00000000000000000008,BA03050040,,,,,,,13.73,13,231.945427384,TASWIL5000020230907KABKOTA,Kota Sawahlunto,,0.018844652169,0.741966895325,4326,5,,,Kota Sawahlunto,Sumatera Barat,,0,,,1864.1993187635048,1864.1993187635048,Sentinel-5P TROPOMI CH4,ppb,2024.0,"{""type"":""MultiPoint"",""coordinates"":[]}"
5_00000000000000000006,BA03050040,,,,,,,13.77,13,64.7672358833,TASWIL5000020230907KABKOTA,Kota Pariaman,,0.00526203753505,0.482581471188,4326,5,,,Kota Pariaman,Sumatera Barat,,0,Pariaman,,1868.2499339883805,1868.2499339883805,Sentinel-5P TROPOMI CH4,ppb,2024.0,"{""type"":""MultiPoint"",""coordinates"":[]}"
6_0000000000000000000c,BA03050040,,,,,,,13.01,13,6045.64886952,TASWIL5000020230907KABKOTA,Pesisir Selatan,,0.491385130568,5.43295017863,4326,4,,,Pesisir Selatan,Sumatera Barat,,0,,,1881.6095961352344,1881.6095961352344,Sentinel-5P TROPOMI CH4,ppb,2025.0,"{""type"":""MultiPoint"",""coordinates"":[]}"
6_0000000000000000000e,BA03050040,,,,,,,13.02,13,3590.40364624,TASWIL5000020230907KABKOTA,Solok,,0.29173089143,4.12696826975,4326,4,,,Solok,Sumatera Barat,,0,,,1855.5585800245562,1855.5585800245562,Sentinel-5P TROPOMI CH4,ppb,2025.0,"{""type"":""MultiPoint"",""coordinates"":[]}"
6_0000000000000000000d,BA03050040,,,,,,,13.03,13,3150.57981499,TASWIL5000020230907KABKOTA,Sijunjung,,0.255974947505,3.04634829448,4326,4,,,Sijunjung,Sumatera Barat,,0,,,1872.152914556206,1872.152914556206,Sentinel-5P TROPOMI CH4,ppb,2025.0,"{""type"":""MultiPoint"",""coordinates"":[]}"
6_00000000000000000014,BA03050040,,,,,,,13.04,13,1377.18561858,TASWIL5000020230907KABKOTA,Tanah Datar,,0.111887521384,2.36296910209,4326,4,,,Tanah Datar,Sumatera Barat,,0,,,1861.2677483219072,1861.2677483219072,Sentinel-5P TROPOMI CH4,ppb,2025.0,"{""type"":""MultiPoint"",""coordinates"":[]}"
6_00000000000000000015,BA03050040,,,,,,,13.05,13,1342.26642306,TASWIL5000020230907KABKOTA,Padang Pariaman,,0.109052305331,2.05428945067,4326,4,,,Padang Pariaman,Sumatera Barat,,0,,,1883.7992280936808,1883.7992280936808,Sentinel-5P TROPOMI CH4,ppb,2025.0,"{""type"":""MultiPoint"",""coordinates"":[]}"
6_00000000000000000000,BA03050040,,,,,,,13.06,13,2226.27036018,TASWIL5000020230907KABKOTA,Agam,,0.180866105999,2.81240922023,4326,4,,,Agam,Sumatera Barat,,0,,,1879.9569148111018,1879.9569148111018,Sentinel-5P TROPOMI CH4,ppb,2025.0,"{""type"":""MultiPoint"",""coordinates"":[]}"
6_0000000000000000000a,BA03050040,,,,,,,13.07,13,3273.40482503,TASWIL5000020230907KABKOTA,Lima Puluh Kota,,0.265935661179,3.90223840362,4326,4,,,Lima Puluh Kota,Sumatera Barat,,0,,,1888.22699667817,1888.22699667817,Sentinel-5P TROPOMI CH4,ppb,2025.0,"{""type"":""MultiPoint"",""coordinates"":[]}"
6_0000000000000000000b,BA03050040,,,,,,,13.08,13,3902.44394674,TASWIL5000020230907KABKOTA,Pasaman,,0.317048331335,3.91441217786,4326,4,,,Pasaman,Sumatera Barat,,0,,,1900.3309097532915,1900.3309097532915,Sentinel-5P TROPOMI CH4,ppb,2025.0,"{""type"":""MultiPoint"",""coordinates"":[]}"
6_00000000000000000002,BA03050040,,,,,,,13.09,13,5983.22249475,TASWIL5000020230907KABKOTA,Kepulauan Mentawai,,0.486363474612,14.6985044838,4326,4,,,Kepulauan Mentawai,Sumatera Barat,,0,Padang Pariaman,,1847.2967731154617,1847.2967731154617,Sentinel-5P TROPOMI CH4,ppb,2025.0,"{""type"":""MultiPoint"",""coordinates"":[]}"
6_00000000000000000001,BA03050040,,,,,,,13.10,13,2920.92501209,TASWIL5000020230907KABKOTA,Dharmasraya,,0.237344806927,4.35566187689,4326,4,,,Dharmasraya,Sumatera Barat,,0,Sawah Lunto,,1879.9196581044,1879.9196581044,Sentinel-5P TROPOMI CH4,ppb,2025.0,"{""type"":""MultiPoint"",""coordinates"":[]}"
6_0000000000000000000f,BA03050040,,,,,,,13.11,13,3282.14396834,TASWIL5000020230907KABKOTA,Solok Selatan,,0.266725287801,3.37288282167,4326,4,,,Solok Selatan,Sumatera Barat,,0,Solok,,1874.835923179303,1874.835923179303,Sentinel-5P TROPOMI CH4,ppb,2025.0,"{""type"":""MultiPoint"",""coordinates"":[]}"
6_00000000000000000016,BA03050040,,,,,,,13.12,13,3852.9928368,TASWIL5000020230907KABKOTA,Pasaman Barat,,0.313023799096,3.78929522955,4326,4,,,Pasaman Barat,Sumatera Barat,,0,Pasaman,,1876.0594035268966,1876.0594035268966,Sentinel-5P TROPOMI CH4,ppb,2025.0,"{""type"":""MultiPoint"",""coordinates"":[]}"
6_00000000000000000004,BA03050040,,,,,,,13.71,13,694.336514563,TASWIL5000020230907KABKOTA,Kota Padang,,0.0564153423427,1.86852329569,4326,5,,,Kota Padang,Sumatera Barat,,0,,,1882.643892468767,1882.643892468767,Sentinel-5P TROPOMI CH4,ppb,2025.0,"{""type"":""MultiPoint"",""coordinates"":[]}"
6_00000000000000000008,BA03050040,,,,,,,13.73,13,231.945427384,TASWIL5000020230907KABKOTA,Kota Sawahlunto,,0.018844652169,0.741966895325,4326,5,,,Kota Sawahlunto,Sumatera Barat,,0,,,1883.2495688578915,1883.2495688578915,Sentinel-5P TROPOMI CH4,ppb,2025.0,"{""type"":""MultiPoint"",""coordinates"":[]}"
6_00000000000000000007,BA03050040,,,,,,,13.76,13,74.55151181,TASWIL5000020230907KABKOTA,Kota Payakumbuh,,0.00605667804844,0.442988349361,4326,5,,,Kota Payakumbuh,Sumatera Barat,,0,,,1882.9901889238813,1882.9901889238813,Sentinel-5P TROPOMI CH4,ppb,2025.0,"{""type"":""MultiPoint"",""coordinates"":[]}"
6_00000000000000000006,BA03050040,,,,,,,13.77,13,64.7672358833,TASWIL5000020230907KABKOTA,Kota Pariaman,,0.00526203753505,0.482581471188,4326,5,,,Kota Pariaman,Sumatera Barat,,0,Pariaman,,1891.044825432244,1891.044825432244,Sentinel-5P TROPOMI CH4,ppb,2025.0,"{""type"":""MultiPoint"",""coordinates"":[]}"
