system:index,FCODE,KDBBPS,KDCBPS,KDCPUM,KDEBPS,KDEPUM,KDPBPS,KDPKAB,KDPPUM,LUASWH,METADATA,NAMOBJ,REMARK,SHAPE_Area,SHAPE_Leng,SRS_ID,TIPADM,WADMKC,WADMKD,WADMKK,WADMPR,WIADKC,WIADKD,WIADKK,WIADPR,date,mean,ntl_mean,source,unit,year,.geo
0_00000000000000000000,BA03050040,,,,,,,34.02,34,511.706451505,TASWIL5000020230907KABKOTA,Bantul,,0.0419593414755,1.85348379736,4326,4,,,Bantul,Daerah Istimewa Yogyakarta,,0,,,2014,1.5565164701572038,1.5565164701572038,VIIRS DNB,nW/cm2/sr,2014.0,"{""type"":""MultiPoint"",""coordinates"":[]}"
0_00000000000000000001,BA03050040,,,,,,,34.03,34,1475.133058,TASWIL5000020230907KABKOTA,Gunungkidul,,0.120985921016,2.48608301116,4326,4,,,Gunungkidul,Daerah Istimewa Yogyakarta,,0,,,2014,0.3464251687739875,0.3464251687739875,VIIRS DNB,nW/cm2/sr,2014.0,"{""type"":""MultiPoint"",""coordinates"":[]}"
0_00000000000000000003,BA03050040,,,,,,,34.01,34,577.223811493,TASWIL5000020230907KABKOTA,Kulon Progo,,0.0473225484411,1.31434324712,4326,4,,,Kulon Progo,Daerah Istimewa Yogyakarta,,0,,,2014,0.449757555716843,0.449757555716843,VIIRS DNB,nW/cm2/sr,2014.0,"{""type"":""MultiPoint"",""coordinates"":[]}"
0_00000000000000000004,BA03050040,,,,,,,34.04,34,573.749483105,TASWIL5000020230907KABKOTA,Sleman,,0.0470265396402,1.55927175326,4326,4,,,Sleman,Daerah Istimewa Yogyakarta,,0,,,2014,2.141391920921179,2.141391920921179,VIIRS DNB,nW/cm2/sr,2014.0,"{""type"":""MultiPoint"",""coordinates"":[]}"
0_00000000000000000002,BA03050040,,,,,,,34.71,34,32.8190625255,TASWIL5000020230907KABKOTA,Kota Yogyakarta,,0.00269050602102,0.349438640016,4326,5,,,Kota Yogyakarta,Daerah Istimewa Yogyakarta,,0,,,2014,14.559037887116892,14.559037887116892,VIIRS DNB,nW/cm2/sr,2014.0,"{""type"":""MultiPoint"",""coordinates"":[]}"
1_00000000000000000000,BA03050040,,,,,,,34.02,34,511.706451505,TASWIL5000020230907KABKOTA,Bantul,,0.0419593414755,1.85348379736,4326,4,,,Bantul,Daerah Istimewa Yogyakarta,,0,,,2015,1.8713597988442046,1.8713597988442046,VIIRS DNB,nW/cm2/sr,2015.0,"{""type"":""MultiPoint"",""coordinates"":[]}"
1_00000000000000000001,BA03050040,,,,,,,34.03,34,1475.133058,TASWIL5000020230907KABKOTA,Gunungkidul,,0.120985921016,2.48608301116,4326,4,,,Gunungkidul,Daerah Istimewa Yogyakarta,,0,,,2015,0.4517182670365761,0.4517182670365761,VIIRS DNB,nW/cm2/sr,2015.0,"{""type"":""MultiPoint"",""coordinates"":[]}"
1_00000000000000000003,BA03050040,,,,,,,34.01,34,577.223811493,TASWIL5000020230907KABKOTA,Kulon Progo,,0.0473225484411,1.31434324712,4326,4,,,Kulon Progo,Daerah Istimewa Yogyakarta,,0,,,2015,0.6217143664065098,0.6217143664065098,VIIRS DNB,nW/cm2/sr,2015.0,"{""type"":""MultiPoint"",""coordinates"":[]}"
1_00000000000000000004,BA03050040,,,,,,,34.04,34,573.749483105,TASWIL5000020230907KABKOTA,Sleman,,0.0470265396402,1.55927175326,4326,4,,,Sleman,Daerah Istimewa Yogyakarta,,0,,,2015,2.5969237343318983,2.5969237343318983,VIIRS DNB,nW/cm2/sr,2015.0,"{""type"":""MultiPoint"",""coordinates"":[]}"
1_00000000000000000002,BA03050040,,,,,,,34.71,34,32.8190625255,TASWIL5000020230907KABKOTA,Kota Yogyakarta,,0.00269050602102,0.349438640016,4326,5,,,Kota Yogyakarta,Daerah Istimewa Yogyakarta,,0,,,2015,15.963647227388327,15.963647227388327,VIIRS DNB,nW/cm2/sr,2015.0,"{""type"":""MultiPoint"",""coordinates"":[]}"
2_00000000000000000000,BA03050040,,,,,,,34.02,34,511.706451505,TASWIL5000020230907KABKOTA,Bantul,,0.0419593414755,1.85348379736,4326,4,,,Bantul,Daerah Istimewa Yogyakarta,,0,,,2016,1.6036888728087353,1.6036888728087353,VIIRS DNB,nW/cm2/sr,2016.0,"{""type"":""MultiPoint"",""coordinates"":[]}"
2_00000000000000000001,BA03050040,,,,,,,34.03,34,1475.133058,TASWIL5000020230907KABKOTA,Gunungkidul,,0.120985921016,2.48608301116,4326,4,,,Gunungkidul,Daerah Istimewa Yogyakarta,,0,,,2016,0.3353876473490556,0.3353876473490556,VIIRS DNB,nW/cm2/sr,2016.0,"{""type"":""MultiPoint"",""coordinates"":[]}"
2_00000000000000000003,BA03050040,,,,,,,34.01,34,577.223811493,TASWIL5000020230907KABKOTA,Kulon Progo,,0.0473225484411,1.31434324712,4326,4,,,Kulon Progo,Daerah Istimewa Yogyakarta,,0,,,2016,0.44942234835234063,0.44942234835234063,VIIRS DNB,nW/cm2/sr,2016.0,"{""type"":""MultiPoint"",""coordinates"":[]}"
2_00000000000000000004,BA03050040,,,,,,,34.04,34,573.749483105,TASWIL5000020230907KABKOTA,Sleman,,0.0470265396402,1.55927175326,4326,4,,,Sleman,Daerah Istimewa Yogyakarta,,0,,,2016,2.2297337514904862,2.2297337514904862,VIIRS DNB,nW/cm2/sr,2016.0,"{""type"":""MultiPoint"",""coordinates"":[]}"
2_00000000000000000002,BA03050040,,,,,,,34.71,34,32.8190625255,TASWIL5000020230907KABKOTA,Kota Yogyakarta,,0.00269050602102,0.349438640016,4326,5,,,Kota Yogyakarta,Daerah Istimewa Yogyakarta,,0,,,2016,14.812293929938644,14.812293929938644,VIIRS DNB,nW/cm2/sr,2016.0,"{""type"":""MultiPoint"",""coordinates"":[]}"
3_00000000000000000000,BA03050040,,,,,,,34.02,34,511.706451505,TASWIL5000020230907KABKOTA,Bantul,,0.0419593414755,1.85348379736,4326,4,,,Bantul,Daerah Istimewa Yogyakarta,,0,,,2017,2.0279616198606734,2.0279616198606734,VIIRS DNB,nW/cm2/sr,2017.0,"{""type"":""MultiPoint"",""coordinates"":[]}"
3_00000000000000000001,BA03050040,,,,,,,34.03,34,1475.133058,TASWIL5000020230907KABKOTA,Gunungkidul,,0.120985921016,2.48608301116,4326,4,,,Gunungkidul,Daerah Istimewa Yogyakarta,,0,,,2017,0.5524412708719876,0.5524412708719876,VIIRS DNB,nW/cm2/sr,2017.0,"{""type"":""MultiPoint"",""coordinates"":[]}"
3_00000000000000000003,BA03050040,,,,,,,34.01,34,577.223811493,TASWIL5000020230907KABKOTA,Kulon Progo,,0.0473225484411,1.31434324712,4326,4,,,Kulon Progo,Daerah Istimewa Yogyakarta,,0,,,2017,0.718128180870796,0.718128180870796,VIIRS DNB,nW/cm2/sr,2017.0,"{""type"":""MultiPoint"",""coordinates"":[]}"
3_00000000000000000004,BA03050040,,,,,,,34.04,34,573.749483105,TASWIL5000020230907KABKOTA,Sleman,,0.0470265396402,1.55927175326,4326,4,,,Sleman,Daerah Istimewa Yogyakarta,,0,,,2017,2.993188861601632,2.993188861601632,VIIRS DNB,nW/cm2/sr,2017.0,"{""type"":""MultiPoint"",""coordinates"":[]}"
3_00000000000000000002,BA03050040,,,,,,,34.71,34,32.8190625255,TASWIL5000020230907KABKOTA,Kota Yogyakarta,,0.00269050602102,0.349438640016,4326,5,,,Kota Yogyakarta,Daerah Istimewa Yogyakarta,,0,,,2017,17.392907987404318,17.392907987404318,VIIRS DNB,nW/cm2/sr,2017.0,"{""type"":""MultiPoint"",""coordinates"":[]}"
4_00000000000000000000,BA03050040,,,,,,,34.02,34,511.706451505,TASWIL5000020230907KABKOTA,Bantul,,0.0419593414755,1.85348379736,4326,4,,,Bantul,Daerah Istimewa Yogyakarta,,0,,,2018,2.474918607983114,2.474918607983114,VIIRS DNB,nW/cm2/sr,2018.0,"{""type"":""MultiPoint"",""coordinates"":[]}"
4_00000000000000000001,BA03050040,,,,,,,34.03,34,1475.133058,TASWIL5000020230907KABKOTA,Gunungkidul,,0.120985921016,2.48608301116,4326,4,,,Gunungkidul,Daerah Istimewa Yogyakarta,,0,,,2018,0.690785882580202,0.690785882580202,VIIRS DNB,nW/cm2/sr,2018.0,"{""type"":""MultiPoint"",""coordinates"":[]}"
4_00000000000000000003,BA03050040,,,,,,,34.01,34,577.223811493,TASWIL5000020230907KABKOTA,Kulon Progo,,0.0473225484411,1.31434324712,4326,4,,,Kulon Progo,Daerah Istimewa Yogyakarta,,0,,,2018,0.8917345031286538,0.8917345031286538,VIIRS DNB,nW/cm2/sr,2018.0,"{""type"":""MultiPoint"",""coordinates"":[]}"
4_00000000000000000004,BA03050040,,,,,,,34.04,34,573.749483105,TASWIL5000020230907KABKOTA,Sleman,,0.0470265396402,1.55927175326,4326,4,,,Sleman,Daerah Istimewa Yogyakarta,,0,,,2018,3.298106244847471,3.298106244847471,VIIRS DNB,nW/cm2/sr,2018.0,"{""type"":""MultiPoint"",""coordinates"":[]}"
4_00000000000000000002,BA03050040,,,,,,,34.71,34,32.8190625255,TASWIL5000020230907KABKOTA,Kota Yogyakarta,,0.00269050602102,0.349438640016,4326,5,,,Kota Yogyakarta,Daerah Istimewa Yogyakarta,,0,,,2018,18.02749850533864,18.02749850533864,VIIRS DNB,nW/cm2/sr,2018.0,"{""type"":""MultiPoint"",""coordinates"":[]}"
5_00000000000000000000,BA03050040,,,,,,,34.02,34,511.706451505,TASWIL5000020230907KABKOTA,Bantul,,0.0419593414755,1.85348379736,4326,4,,,Bantul,Daerah Istimewa Yogyakarta,,0,,,2019,3.1102564673135045,3.1102564673135045,VIIRS DNB,nW/cm2/sr,2019.0,"{""type"":""MultiPoint"",""coordinates"":[]}"
5_00000000000000000001,BA03050040,,,,,,,34.03,34,1475.133058,TASWIL5000020230907KABKOTA,Gunungkidul,,0.120985921016,2.48608301116,4326,4,,,Gunungkidul,Daerah Istimewa Yogyakarta,,0,,,2019,0.7979953516654513,0.7979953516654513,VIIRS DNB,nW/cm2/sr,2019.0,"{""type"":""MultiPoint"",""coordinates"":[]}"
5_00000000000000000003,BA03050040,,,,,,,34.01,34,577.223811493,TASWIL5000020230907KABKOTA,Kulon Progo,,0.0473225484411,1.31434324712,4326,4,,,Kulon Progo,Daerah Istimewa Yogyakarta,,0,,,2019,1.3664277749208984,1.3664277749208984,VIIRS DNB,nW/cm2/sr,2019.0,"{""type"":""MultiPoint"",""coordinates"":[]}"
5_00000000000000000004,BA03050040,,,,,,,34.04,34,573.749483105,TASWIL5000020230907KABKOTA,Sleman,,0.0470265396402,1.55927175326,4326,4,,,Sleman,Daerah Istimewa Yogyakarta,,0,,,2019,3.6738970740300463,3.6738970740300463,VIIRS DNB,nW/cm2/sr,2019.0,"{""type"":""MultiPoint"",""coordinates"":[]}"
5_00000000000000000002,BA03050040,,,,,,,34.71,34,32.8190625255,TASWIL5000020230907KABKOTA,Kota Yogyakarta,,0.00269050602102,0.349438640016,4326,5,,,Kota Yogyakarta,Daerah Istimewa Yogyakarta,,0,,,2019,21.009851965559037,21.009851965559037,VIIRS DNB,nW/cm2/sr,2019.0,"{""type"":""MultiPoint"",""coordinates"":[]}"
6_00000000000000000000,BA03050040,,,,,,,34.02,34,511.706451505,TASWIL5000020230907KABKOTA,Bantul,,0.0419593414755,1.85348379736,4326,4,,,Bantul,Daerah Istimewa Yogyakarta,,0,,,2020,2.865894422654205,2.865894422654205,VIIRS DNB,nW/cm2/sr,2020.0,"{""type"":""MultiPoint"",""coordinates"":[]}"
6_00000000000000000001,BA03050040,,,,,,,34.03,34,1475.133058,TASWIL5000020230907KABKOTA,Gunungkidul,,0.120985921016,2.48608301116,4326,4,,,Gunungkidul,Daerah Istimewa Yogyakarta,,0,,,2020,0.745312739542512,0.745312739542512,VIIRS DNB,nW/cm2/sr,2020.0,"{""type"":""MultiPoint"",""coordinates"":[]}"
6_00000000000000000003,BA03050040,,,,,,,34.01,34,577.223811493,TASWIL5000020230907KABKOTA,Kulon Progo,,0.0473225484411,1.31434324712,4326,4,,,Kulon Progo,Daerah Istimewa Yogyakarta,,0,,,2020,1.2692059234629418,1.2692059234629418,VIIRS DNB,nW/cm2/sr,2020.0,"{""type"":""MultiPoint"",""coordinates"":[]}"
6_00000000000000000004,BA03050040,,,,,,,34.04,34,573.749483105,TASWIL5000020230907KABKOTA,Sleman,,0.0470265396402,1.55927175326,4326,4,,,Sleman,Daerah Istimewa Yogyakarta,,0,,,2020,3.340193872208751,3.340193872208751,VIIRS DNB,nW/cm2/sr,2020.0,"{""type"":""MultiPoint"",""coordinates"":[]}"
6_00000000000000000002,BA03050040,,,,,,,34.71,34,32.8190625255,TASWIL5000020230907KABKOTA,Kota Yogyakarta,,0.00269050602102,0.349438640016,4326,5,,,Kota Yogyakarta,Daerah Istimewa Yogyakarta,,0,,,2020,17.585746437090165,17.585746437090165,VIIRS DNB,nW/cm2/sr,2020.0,"{""type"":""MultiPoint"",""coordinates"":[]}"
7_00000000000000000000,BA03050040,,,,,,,34.02,34,511.706451505,TASWIL5000020230907KABKOTA,Bantul,,0.0419593414755,1.85348379736,4326,4,,,Bantul,Daerah Istimewa Yogyakarta,,0,,,2021,2.419275178575,2.419275178575,VIIRS DNB,nW/cm2/sr,2021.0,"{""type"":""MultiPoint"",""coordinates"":[]}"
7_00000000000000000001,BA03050040,,,,,,,34.03,34,1475.133058,TASWIL5000020230907KABKOTA,Gunungkidul,,0.120985921016,2.48608301116,4326,4,,,Gunungkidul,Daerah Istimewa Yogyakarta,,0,,,2021,0.7158672413445213,0.7158672413445213,VIIRS DNB,nW/cm2/sr,2021.0,"{""type"":""MultiPoint"",""coordinates"":[]}"
7_00000000000000000003,BA03050040,,,,,,,34.01,34,577.223811493,TASWIL5000020230907KABKOTA,Kulon Progo,,0.0473225484411,1.31434324712,4326,4,,,Kulon Progo,Daerah Istimewa Yogyakarta,,0,,,2021,0.9476888485488614,0.9476888485488614,VIIRS DNB,nW/cm2/sr,2021.0,"{""type"":""MultiPoint"",""coordinates"":[]}"
7_00000000000000000004,BA03050040,,,,,,,34.04,34,573.749483105,TASWIL5000020230907KABKOTA,Sleman,,0.0470265396402,1.55927175326,4326,4,,,Sleman,Daerah Istimewa Yogyakarta,,0,,,2021,2.8627113634674877,2.8627113634674877,VIIRS DNB,nW/cm2/sr,2021.0,"{""type"":""MultiPoint"",""coordinates"":[]}"
7_00000000000000000002,BA03050040,,,,,,,34.71,34,32.8190625255,TASWIL5000020230907KABKOTA,Kota Yogyakarta,,0.00269050602102,0.349438640016,4326,5,,,Kota Yogyakarta,Daerah Istimewa Yogyakarta,,0,,,2021,12.11570464634348,12.11570464634348,VIIRS DNB,nW/cm2/sr,2021.0,"{""type"":""MultiPoint"",""coordinates"":[]}"
8_00000000000000000000,BA03050040,,,,,,,34.02,34,511.706451505,TASWIL5000020230907KABKOTA,Bantul,,0.0419593414755,1.85348379736,4326,4,,,Bantul,Daerah Istimewa Yogyakarta,,0,,,2022,2.3178521361951816,2.3178521361951816,VIIRS DNB,nW/cm2/sr,2022.0,"{""type"":""MultiPoint"",""coordinates"":[]}"
8_00000000000000000001,BA03050040,,,,,,,34.03,34,1475.133058,TASWIL5000020230907KABKOTA,Gunungkidul,,0.120985921016,2.48608301116,4326,4,,,Gunungkidul,Daerah Istimewa Yogyakarta,,0,,,2022,0.7359870495122108,0.7359870495122108,VIIRS DNB,nW/cm2/sr,2022.0,"{""type"":""MultiPoint"",""coordinates"":[]}"
8_00000000000000000003,BA03050040,,,,,,,34.01,34,577.223811493,TASWIL5000020230907KABKOTA,Kulon Progo,,0.0473225484411,1.31434324712,4326,4,,,Kulon Progo,Daerah Istimewa Yogyakarta,,0,,,2022,0.9187675024151769,0.9187675024151769,VIIRS DNB,nW/cm2/sr,2022.0,"{""type"":""MultiPoint"",""coordinates"":[]}"
8_00000000000000000004,BA03050040,,,,,,,34.04,34,573.749483105,TASWIL5000020230907KABKOTA,Sleman,,0.0470265396402,1.55927175326,4326,4,,,Sleman,Daerah Istimewa Yogyakarta,,0,,,2022,2.5877632340090932,2.5877632340090932,VIIRS DNB,nW/cm2/sr,2022.0,"{""type"":""MultiPoint"",""coordinates"":[]}"
8_00000000000000000002,BA03050040,,,,,,,34.71,34,32.8190625255,TASWIL5000020230907KABKOTA,Kota Yogyakarta,,0.00269050602102,0.349438640016,4326,5,,,Kota Yogyakarta,Daerah Istimewa Yogyakarta,,0,,,2022,12.534413727372447,12.534413727372447,VIIRS DNB,nW/cm2/sr,2022.0,"{""type"":""MultiPoint"",""coordinates"":[]}"
9_00000000000000000000,BA03050040,,,,,,,34.02,34,511.706451505,TASWIL5000020230907KABKOTA,Bantul,,0.0419593414755,1.85348379736,4326,4,,,Bantul,Daerah Istimewa Yogyakarta,,0,,,2023,3.8581825898932616,3.8581825898932616,VIIRS DNB,nW/cm2/sr,2023.0,"{""type"":""MultiPoint"",""coordinates"":[]}"
9_00000000000000000001,BA03050040,,,,,,,34.03,34,1475.133058,TASWIL5000020230907KABKOTA,Gunungkidul,,0.120985921016,2.48608301116,4326,4,,,Gunungkidul,Daerah Istimewa Yogyakarta,,0,,,2023,1.1109306553373153,1.1109306553373153,VIIRS DNB,nW/cm2/sr,2023.0,"{""type"":""MultiPoint"",""coordinates"":[]}"
9_00000000000000000003,BA03050040,,,,,,,34.01,34,577.223811493,TASWIL5000020230907KABKOTA,Kulon Progo,,0.0473225484411,1.31434324712,4326,4,,,Kulon Progo,Daerah Istimewa Yogyakarta,,0,,,2023,1.5428402837231783,1.5428402837231783,VIIRS DNB,nW/cm2/sr,2023.0,"{""type"":""MultiPoint"",""coordinates"":[]}"
9_00000000000000000004,BA03050040,,,,,,,34.04,34,573.749483105,TASWIL5000020230907KABKOTA,Sleman,,0.0470265396402,1.55927175326,4326,4,,,Sleman,Daerah Istimewa Yogyakarta,,0,,,2023,4.7725421157421115,4.7725421157421115,VIIRS DNB,nW/cm2/sr,2023.0,"{""type"":""MultiPoint"",""coordinates"":[]}"
9_00000000000000000002,BA03050040,,,,,,,34.71,34,32.8190625255,TASWIL5000020230907KABKOTA,Kota Yogyakarta,,0.00269050602102,0.349438640016,4326,5,,,Kota Yogyakarta,Daerah Istimewa Yogyakarta,,0,,,2023,21.769502442412133,21.769502442412133,VIIRS DNB,nW/cm2/sr,2023.0,"{""type"":""MultiPoint"",""coordinates"":[]}"
10_00000000000000000000,BA03050040,,,,,,,34.02,34,511.706451505,TASWIL5000020230907KABKOTA,Bantul,,0.0419593414755,1.85348379736,4326,4,,,Bantul,Daerah Istimewa Yogyakarta,,0,,,2024,3.8561284659973176,3.8561284659973176,VIIRS DNB,nW/cm2/sr,2024.0,"{""type"":""MultiPoint"",""coordinates"":[]}"
10_00000000000000000001,BA03050040,,,,,,,34.03,34,1475.133058,TASWIL5000020230907KABKOTA,Gunungkidul,,0.120985921016,2.48608301116,4326,4,,,Gunungkidul,Daerah Istimewa Yogyakarta,,0,,,2024,1.0430032182125324,1.0430032182125324,VIIRS DNB,nW/cm2/sr,2024.0,"{""type"":""MultiPoint"",""coordinates"":[]}"
10_00000000000000000003,BA03050040,,,,,,,34.01,34,577.223811493,TASWIL5000020230907KABKOTA,Kulon Progo,,0.0473225484411,1.31434324712,4326,4,,,Kulon Progo,Daerah Istimewa Yogyakarta,,0,,,2024,1.2523473009706685,1.2523473009706685,VIIRS DNB,nW/cm2/sr,2024.0,"{""type"":""MultiPoint"",""coordinates"":[]}"
10_00000000000000000004,BA03050040,,,,,,,34.04,34,573.749483105,TASWIL5000020230907KABKOTA,Sleman,,0.0470265396402,1.55927175326,4326,4,,,Sleman,Daerah Istimewa Yogyakarta,,0,,,2024,4.8377874309345055,4.8377874309345055,VIIRS DNB,nW/cm2/sr,2024.0,"{""type"":""MultiPoint"",""coordinates"":[]}"
10_00000000000000000002,BA03050040,,,,,,,34.71,34,32.8190625255,TASWIL5000020230907KABKOTA,Kota Yogyakarta,,0.00269050602102,0.349438640016,4326,5,,,Kota Yogyakarta,Daerah Istimewa Yogyakarta,,0,,,2024,23.449429594228523,23.449429594228523,VIIRS DNB,nW/cm2/sr,2024.0,"{""type"":""MultiPoint"",""coordinates"":[]}"
11_00000000000000000000,BA03050040,,,,,,,34.02,34,511.706451505,TASWIL5000020230907KABKOTA,Bantul,,0.0419593414755,1.85348379736,4326,4,,,Bantul,Daerah Istimewa Yogyakarta,,0,,,2025,3.331599118619776,3.331599118619776,VIIRS DNB,nW/cm2/sr,2025.0,"{""type"":""MultiPoint"",""coordinates"":[]}"
11_00000000000000000001,BA03050040,,,,,,,34.03,34,1475.133058,TASWIL5000020230907KABKOTA,Gunungkidul,,0.120985921016,2.48608301116,4326,4,,,Gunungkidul,Daerah Istimewa Yogyakarta,,0,,,2025,0.9718627814085098,0.9718627814085098,VIIRS DNB,nW/cm2/sr,2025.0,"{""type"":""MultiPoint"",""coordinates"":[]}"
11_00000000000000000003,BA03050040,,,,,,,34.01,34,577.223811493,TASWIL5000020230907KABKOTA,Kulon Progo,,0.0473225484411,1.31434324712,4326,4,,,Kulon Progo,Daerah Istimewa Yogyakarta,,0,,,2025,1.243513318267209,1.243513318267209,VIIRS DNB,nW/cm2/sr,2025.0,"{""type"":""MultiPoint"",""coordinates"":[]}"
11_00000000000000000004,BA03050040,,,,,,,34.04,34,573.749483105,TASWIL5000020230907KABKOTA,Sleman,,0.0470265396402,1.55927175326,4326,4,,,Sleman,Daerah Istimewa Yogyakarta,,0,,,2025,4.726126035640455,4.726126035640455,VIIRS DNB,nW/cm2/sr,2025.0,"{""type"":""MultiPoint"",""coordinates"":[]}"
11_00000000000000000002,BA03050040,,,,,,,34.71,34,32.8190625255,TASWIL5000020230907KABKOTA,Kota Yogyakarta,,0.00269050602102,0.349438640016,4326,5,,,Kota Yogyakarta,Daerah Istimewa Yogyakarta,,0,,,2025,20.62920993563005,20.62920993563005,VIIRS DNB,nW/cm2/sr,2025.0,"{""type"":""MultiPoint"",""coordinates"":[]}"
